Timestamp,total-bitcoins
2019-06-02 00:18:16,17735875
2019-06-02 20:17:26,17737212.5
2019-06-03 17:09:47,17738537.5
2019-06-04 11:51:21,17739875
2019-06-05 03:52:20,17741200
2019-06-05 18:35:01,17742525
2019-06-06 12:17:16,17743875
2019-06-07 04:38:45,17745200
2019-06-07 21:04:58,17746550
2019-06-08 17:31:03,17747875
2019-06-09 09:40:46,17749200
2019-06-10 03:15:36,17750537.5
2019-06-10 19:33:12,17751875
2019-06-11 14:22:59,17753200
2019-06-12 08:58:42,17754525
2019-06-13 03:07:58,17755850
2019-06-13 20:11:37,17757175
2019-06-14 12:14:08,17758500
2019-06-15 02:41:21,17759837.5
2019-06-15 20:02:16,17761162.5
2019-06-16 15:24:35,17762487.5
2019-06-17 11:00:44,17763812.5
2019-06-18 05:35:34,17765150
2019-06-18 20:18:07,17766475
2019-06-19 12:27:22,17767800
2019-06-20 01:01:35,17769125
2019-06-20 20:42:46,17770450
2019-06-21 15:07:31,17771775
2019-06-22 08:32:13,17773100
2019-06-23 01:50:09,17774425
2019-06-23 15:30:20,17775750
2019-06-24 07:25:19,17777087.5
2019-06-24 20:21:17,17778425
2019-06-25 14:50:32,17779762.5
2019-06-26 05:37:20,17781087.5
2019-06-26 21:33:32,17782412.5
2019-06-27 14:56:54,17783737.5
2019-06-28 07:04:06,17785075
2019-06-29 00:00:02,17786400
2019-06-29 13:26:53,17787737.5
2019-06-30 06:32:44,17789062.5
2019-06-30 23:03:40,17790387.5
2019-07-01 16:29:07,17791712.5
2019-07-02 10:33:12,17793037.5
2019-07-03 01:33:52,17794362.5
2019-07-03 16:05:53,17795687.5
2019-07-04 06:38:26,17797025
2019-07-04 22:21:59,17798350
2019-07-05 11:44:31,17799675
2019-07-06 02:34:51,17801012.5
2019-07-06 15:38:03,17802337.5
2019-07-07 07:55:48,17803662.5
2019-07-08 00:24:11,17805000
2019-07-08 15:32:25,17806337.5
2019-07-09 05:24:41,17807675
2019-07-09 22:39:58,17809012.5
2019-07-10 18:17:49,17810337.5
2019-07-11 14:49:23,17811662.5
2019-07-12 07:15:31,17813012.5
2019-07-12 23:16:50,17814337.5
2019-07-13 18:20:13,17815662.5
2019-07-14 10:07:24,17816987.5
2019-07-15 04:52:04,17818312.5
2019-07-15 22:43:18,17819637.5
2019-07-16 14:21:53,17820975
2019-07-17 05:15:22,17822312.5
2019-07-18 03:05:03,17823637.5
2019-07-18 23:42:38,17824962.5
2019-07-19 22:13:56,17826287.5
2019-07-20 12:24:02,17827625
2019-07-21 02:43:54,17828950
2019-07-21 19:43:24,17830275
2019-07-22 10:33:06,17831600
2019-07-23 08:29:07,17832950
2019-07-23 23:51:43,17834275
2019-07-24 17:14:13,17835600
2019-07-25 12:15:20,17836937.5
2019-07-26 04:50:15,17838262.5
2019-07-26 18:45:22,17839587.5
2019-07-27 11:54:38,17840912.5
2019-07-28 03:51:19,17842237.5
2019-07-28 19:07:45,17843562.5
2019-07-29 09:23:10,17844900
2019-07-30 00:48:45,17846237.5
2019-07-30 20:22:04,17847575
2019-07-31 14:21:11,17848900
2019-08-01 01:49:54,17850225
2019-08-01 19:01:30,17851562.5
2019-08-02 13:17:17,17852887.5
2019-08-03 03:30:09,17854212.5
2019-08-03 18:18:39,17855550
2019-08-04 08:48:00,17856887.5
2019-08-04 23:51:18,17858212.5
2019-08-05 17:33:55,17859562.5
2019-08-06 10:23:01,17860900
2019-08-07 02:29:54,17862225
2019-08-07 17:57:45,17863562.5
2019-08-08 14:14:17,17864887.5
2019-08-09 07:10:59,17866237.5
2019-08-10 00:02:13,17867562.5
2019-08-10 17:59:58,17868887.5
2019-08-11 09:23:44,17870212.5
2019-08-12 02:39:04,17871550
2019-08-12 21:05:51,17872887.5
2019-08-13 14:06:49,17874225
2019-08-14 08:22:19,17875575
2019-08-15 00:26:17,17876900
2019-08-15 16:23:13,17878225
2019-08-16 09:20:06,17879562.5
2019-08-17 04:41:41,17880925
2019-08-17 23:35:01,17882250
2019-08-18 19:58:06,17883575
2019-08-19 11:20:44,17884912.5
2019-08-20 03:15:39,17886250
2019-08-20 21:55:49,17887587.5
2019-08-21 15:42:59,17888925
2019-08-22 10:21:22,17890250
2019-08-23 04:09:00,17891575
2019-08-23 20:00:20,17892912.5
2019-08-24 12:34:05,17894250
2019-08-25 05:00:23,17895575
2019-08-25 21:53:55,17896900
2019-08-26 16:36:25,17898237.5
2019-08-27 11:24:29,17899575
2019-08-28 04:21:04,17900900
2019-08-28 22:39:36,17902225
2019-08-29 13:07:25,17903562.5
2019-08-30 05:04:59,17904900
2019-08-30 20:37:24,17906225
2019-08-31 14:28:01,17907550
2019-09-01 04:32:55,17908887.5
2019-09-01 22:22:27,17910212.5
2019-09-02 16:24:41,17911562.5
2019-09-03 08:39:38,17912900
2019-09-03 23:54:19,17914237.5
2019-09-04 19:05:43,17915562.5
2019-09-05 09:45:54,17916887.5
2019-09-06 02:28:12,17918225
2019-09-06 18:04:25,17919550
2019-09-07 12:31:56,17920875
2019-09-08 03:59:40,17922212.5
2019-09-08 18:27:15,17923537.5
2019-09-09 09:41:05,17924875
2019-09-10 03:25:05,17926200
2019-09-10 17:30:29,17927525
2019-09-11 07:32:12,17928875
2019-09-11 21:42:43,17930200
2019-09-12 12:49:29,17931525
2019-09-13 04:45:38,17932850
2019-09-13 21:33:05,17934175
2019-09-14 14:08:56,17935500
2019-09-15 09:08:47,17936837.5
2019-09-16 00:46:12,17938175
2019-09-16 15:31:59,17939512.5
2019-09-17 08:45:21,17940837.5
2019-09-18 01:43:24,17942162.5
2019-09-18 17:00:32,17943487.5
2019-09-19 08:59:07,17944825
2019-09-20 02:24:58,17946162.5
2019-09-20 18:34:14,17947487.5
2019-09-21 09:47:45,17948812.5
2019-09-22 01:59:26,17950150
2019-09-22 18:23:37,17951475
2019-09-23 13:46:21,17952800
2019-09-24 09:40:57,17954150
2019-09-25 01:31:01,17955487.5
2019-09-25 17:26:05,17956825
2019-09-26 08:07:58,17958162.5
2019-09-26 23:46:08,17959500
2019-09-27 19:25:26,17960837.5
2019-09-28 12:06:11,17962162.5
2019-09-29 04:58:04,17963487.5
2019-09-29 23:46:05,17964837.5
2019-09-30 19:54:45,17966162.5
2019-10-01 13:47:14,17967487.5
2019-10-02 06:31:54,17968825
2019-10-03 00:24:32,17970162.5
2019-10-03 18:14:01,17971487.5
2019-10-04 12:25:48,17972812.5
2019-10-05 04:19:59,17974137.5
2019-10-05 20:26:56,17975475
2019-10-06 14:24:12,17976800
2019-10-07 06:59:00,17978150
2019-10-07 23:18:51,17979475
2019-10-08 14:36:48,17980812.5
2019-10-09 06:36:24,17982137.5
2019-10-10 03:08:42,17983462.5
2019-10-10 18:17:44,17984800
2019-10-11 08:39:14,17986125
2019-10-12 02:15:17,17987475
2019-10-12 21:20:56,17988800
2019-10-13 13:10:15,17990125
2019-10-14 10:10:48,17991475
2019-10-15 04:35:22,17992812.5
2019-10-15 21:18:37,17994150
2019-10-16 16:53:56,17995475
2019-10-17 08:15:46,17996812.5
2019-10-18 01:44:47,17998162.5
2019-10-18 17:41:02,17999487.5
2019-10-19 12:06:59,18000825
2019-10-20 06:08:04,18002162.5
2019-10-20 22:27:41,18003500
2019-10-21 15:42:59,18004837.5
2019-10-22 06:01:10,18006162.5
2019-10-22 22:14:42,18007487.5
2019-10-23 14:14:42,18008837.5
2019-10-24 05:01:20,18010162.5
2019-10-25 00:35:37,18011487.5
2019-10-25 19:17:54,18012812.5
2019-10-26 12:42:23,18014137.5
2019-10-27 10:16:59,18015462.5
2019-10-28 06:19:39,18016787.5
2019-10-29 01:36:24,18018112.5
2019-10-29 20:04:29,18019437.5
2019-10-30 14:50:08,18020775
2019-10-31 09:08:29,18022100
2019-11-01 06:24:18,18023425
2019-11-02 01:39:15,18024762.5
2019-11-02 18:37:55,18026087.5
2019-11-03 14:56:03,18027437.5
2019-11-04 09:48:08,18028775
2019-11-05 06:24:48,18030100
2019-11-05 22:12:11,18031437.5
2019-11-06 17:59:25,18032762.5
2019-11-07 11:41:46,18034087.5
2019-11-08 07:47:43,18035412.5
2019-11-09 03:14:22,18036737.5
2019-11-09 20:47:42,18038062.5
2019-11-10 13:20:45,18039400
2019-11-11 04:24:06,18040725
2019-11-11 20:59:44,18042050
2019-11-12 12:51:30,18043375
2019-11-13 11:25:50,18044700
2019-11-14 03:08:13,18046025
2019-11-14 18:32:53,18047362.5
2019-11-15 09:26:34,18048700
2019-11-16 03:14:35,18050025
2019-11-16 20:41:44,18051350
2019-11-17 14:10:24,18052675
2019-11-18 04:10:50,18054000
2019-11-19 01:40:02,18055325
2019-11-19 18:40:23,18056675
2019-11-20 11:20:53,18058000
2019-11-21 07:34:57,18059337.5
2019-11-22 02:13:49,18060662.5
2019-11-22 21:14:36,18062000
2019-11-23 11:28:29,18063337.5
2019-11-24 02:45:29,18064675
2019-11-24 23:22:05,18066000
2019-11-25 20:02:21,18067337.5
2019-11-26 17:36:55,18068662.5
2019-11-27 13:03:52,18069987.5
2019-11-28 03:45:00,18071325
2019-11-28 20:36:37,18072662.5
2019-11-29 15:58:13,18074000
2019-11-30 11:06:09,18075362.5
2019-12-01 07:19:09,18076687.5
2019-12-02 00:41:38,18078012.5
2019-12-02 18:08:25,18079337.5
2019-12-03 11:47:21,18080662.5
2019-12-04 03:09:38,18082000
2019-12-04 18:57:32,18083325
2019-12-05 11:58:08,18084650
2019-12-06 06:21:04,18085975
2019-12-06 22:34:04,18087300
2019-12-07 16:16:16,18088650
2019-12-08 07:33:02,18089975
2019-12-09 00:55:26,18091300
2019-12-09 18:05:45,18092625
2019-12-10 13:08:57,18093950
2019-12-11 07:10:23,18095275
2019-12-12 00:38:55,18096600
2019-12-12 19:42:27,18097925
2019-12-13 12:41:49,18099262.5
2019-12-14 05:48:42,18100587.5
2019-12-14 22:48:56,18101925
2019-12-15 19:54:08,18103250
2019-12-16 12:58:19,18104587.5
2019-12-17 05:15:08,18105912.5
2019-12-17 23:15:08,18107237.5
2019-12-18 19:30:07,18108575
2019-12-19 10:51:26,18109912.5
2019-12-20 04:37:15,18111250
2019-12-20 20:21:50,18112575
2019-12-21 10:33:37,18113900
2019-12-22 01:09:14,18115225
2019-12-22 16:15:44,18116550
2019-12-23 09:26:00,18117887.5
2019-12-24 03:46:04,18119212.5
2019-12-24 23:53:59,18120537.5
2019-12-25 18:59:02,18121862.5
2019-12-26 11:45:04,18123225
2019-12-27 04:20:22,18124550
2019-12-27 22:44:43,18125900
2019-12-28 15:15:08,18127225
2019-12-29 07:42:48,18128550
2019-12-30 00:52:27,18129875
2019-12-30 14:26:35,18131200
2019-12-31 09:07:57,18132537.5
2020-01-01 01:49:35,18133862.5
2020-01-01 16:42:33,18135200
2020-01-02 07:56:07,18136525
2020-01-03 01:16:28,18137850
2020-01-03 17:03:09,18139200
2020-01-04 09:53:50,18140525
2020-01-04 23:42:51,18141862.5
2020-01-05 15:22:25,18143200
2020-01-06 08:38:38,18144525
2020-01-07 02:20:15,18145862.5
2020-01-07 18:30:51,18147187.5
2020-01-08 08:17:41,18148512.5
2020-01-09 03:20:34,18149837.5
2020-01-09 19:43:10,18151162.5
2020-01-10 13:24:52,18152512.5
2020-01-11 05:20:02,18153850
2020-01-11 20:54:51,18155175
2020-01-12 13:01:23,18156500
2020-01-13 06:18:26,18157837.5
2020-01-14 00:38:13,18159162.5
2020-01-14 19:14:59,18160487.5
2020-01-15 10:07:08,18161812.5
2020-01-16 04:44:13,18163137.5
2020-01-16 20:33:28,18164462.5
2020-01-17 10:56:09,18165787.5
2020-01-18 04:57:48,18167112.5
2020-01-19 01:01:01,18168437.5
2020-01-19 17:39:36,18169775
2020-01-20 10:51:03,18171125
2020-01-21 18:20:41,18173662.5
2020-01-22 12:46:05,18175125
2020-01-23 04:30:53,18176450
2020-01-23 21:14:53,18177775
2020-01-24 12:44:37,18179137.5
2020-01-25 06:19:38,18180462.5
2020-01-25 21:31:53,18181787.5
2020-01-26 15:30:11,18183125
2020-01-27 08:25:33,18184450
2020-01-28 05:42:20,18185775
2020-01-28 22:44:38,18187100
2020-01-29 15:20:30,18188425
2020-01-30 06:27:08,18189762.5
2020-01-30 23:47:59,18191100
2020-01-31 17:58:07,18192425
2020-02-01 08:55:36,18193750
2020-02-02 04:05:13,18195075
2020-02-02 20:53:21,18196400
2020-02-03 14:51:18,18197725
2020-02-04 08:02:59,18199050
2020-02-05 02:56:45,18200387.5
2020-02-05 18:42:19,18201712.5
2020-02-06 12:58:56,18203050
2020-02-07 07:55:29,18204387.5
2020-02-08 02:46:04,18205712.5
2020-02-08 20:19:54,18207050
2020-02-09 15:01:26,18208375
2020-02-10 07:45:10,18209712.5
2020-02-11 04:15:25,18211050
2020-02-11 22:04:57,18212387.5
2020-02-12 17:27:07,18213712.5
2020-02-13 11:40:44,18215037.5
2020-02-14 03:13:59,18216375
2020-02-14 23:16:55,18217700
2020-02-15 17:10:40,18219025
2020-02-16 10:37:02,18220350
2020-02-17 04:53:30,18221675
2020-02-17 20:23:30,18223025
2020-02-18 14:05:58,18224362.5
2020-02-19 06:55:00,18225687.5
2020-02-20 03:23:08,18227025
2020-02-20 21:57:50,18228350
2020-02-21 12:57:29,18229675
2020-02-22 07:56:09,18231000
2020-02-23 00:45:31,18232325
2020-02-23 19:34:21,18233650
2020-02-24 14:05:32,18234975
2020-02-25 06:21:38,18236312.5
2020-02-26 01:21:00,18237650
2020-02-26 19:07:01,18238975
2020-02-27 12:29:57,18240300
2020-02-28 06:11:38,18241625
2020-02-28 21:25:59,18242950
2020-02-29 15:33:52,18244275
2020-03-01 08:09:15,18245600
2020-03-01 22:01:06,18246925
2020-03-02 15:51:48,18248262.5
2020-03-03 08:01:13,18249587.5
2020-03-04 00:40:11,18250925
2020-03-04 16:47:12,18252262.5
2020-03-05 06:02:56,18253587.5
2020-03-05 23:28:36,18254912.5
2020-03-06 16:41:22,18256250
2020-03-07 08:25:19,18257587.5
2020-03-08 00:16:51,18258912.5
2020-03-08 15:46:53,18260237.5
2020-03-09 10:42:25,18261575
2020-03-10 03:17:42,18262900
2020-03-10 23:03:42,18264225
2020-03-11 18:51:11,18265550
2020-03-12 13:38:34,18266887.5
2020-03-13 08:45:14,18268237.5
2020-03-14 04:19:21,18269575
2020-03-15 01:32:17,18270900
2020-03-15 21:59:09,18272225
2020-03-16 20:27:51,18273562.5
2020-03-17 19:05:31,18274887.5
2020-03-18 17:05:45,18276212.5
2020-03-19 14:24:53,18277537.5
2020-03-20 16:02:13,18278875
2020-03-21 13:40:53,18280200
2020-03-22 08:56:52,18281525
2020-03-23 07:46:33,18282850
2020-03-24 05:17:34,18284175
2020-03-25 00:24:11,18285500
2020-03-26 03:18:53,18286837.5
2020-03-26 17:32:08,18288162.5
2020-03-27 09:29:13,18289500
2020-03-28 02:48:15,18290825
2020-03-28 22:32:14,18292175
2020-03-29 15:08:40,18293512.5
2020-03-30 08:17:32,18294837.5
2020-03-31 02:00:33,18296162.5
2020-03-31 18:42:45,18297487.5
2020-04-01 11:14:32,18298825
2020-04-02 04:54:27,18300162.5
2020-04-02 19:53:29,18301487.5
2020-04-03 14:03:11,18302812.5
2020-04-04 10:32:50,18304150
2020-04-05 01:18:17,18305475
2020-04-05 16:49:59,18306800
2020-04-06 08:43:21,18308125
2020-04-07 03:21:48,18309450
2020-04-07 17:57:09,18310775
2020-04-08 10:17:23,18312112.5
2020-04-09 03:34:41,18313437.5
2020-04-09 21:10:39,18314762.5
2020-04-10 12:34:27,18316087.5
2020-04-11 03:52:50,18317412.5
2020-04-11 21:17:23,18318750
2020-04-12 11:47:13,18320075
2020-04-13 04:49:46,18321400
2020-04-13 20:14:40,18322737.5
2020-04-14 09:39:06,18324062.5
2020-04-15 02:25:26,18325387.5
2020-04-15 18:48:32,18326712.5
2020-04-16 09:06:48,18328037.5
2020-04-17 02:06:15,18329362.5
2020-04-17 22:41:47,18330700
2020-04-18 15:26:30,18332025
2020-04-19 07:21:55,18333350
2020-04-19 23:30:52,18334675
2020-04-20 15:53:10,18336000
2020-04-21 09:26:18,18337362.5
2020-04-22 01:20:17,18338687.5
2020-04-22 20:45:24,18340012.5
2020-04-23 14:53:08,18341337.5
2020-04-24 08:20:55,18342662.5
2020-04-25 03:06:33,18344000
2020-04-25 22:31:18,18345325
2020-04-26 16:56:28,18346662.5
2020-04-27 10:45:06,18347987.5
2020-04-28 05:25:18,18349325
2020-04-28 20:03:14,18350650
2020-04-29 14:15:23,18351987.5
2020-04-30 11:19:48,18353325
2020-05-01 05:05:51,18354675
2020-05-01 23:05:09,18356050
2020-05-02 15:59:12,18357375
2020-05-03 07:03:50,18358700
2020-05-03 23:36:51,18360037.5
2020-05-04 14:56:53,18361362.5
2020-05-05 07:27:01,18362687.5
2020-05-05 23:46:10,18364012.5
2020-05-06 16:09:24,18365387.5
2020-05-07 12:12:21,18366712.5
2020-05-08 03:40:56,18368037.5
2020-05-08 22:13:57,18369375
2020-05-09 18:07:53,18370700
2020-05-10 09:47:11,18372025
2020-05-11 00:23:13,18373362.5
2020-05-11 15:53:15,18374712.5
2020-05-12 08:39:53,18375518.75
2020-05-13 05:11:37,18376187.5
2020-05-14 02:12:30,18376850
2020-05-14 23:27:06,18377512.5
2020-05-15 20:19:43,18378175
2020-05-16 15:26:10,18378837.5
2020-05-17 15:39:57,18379500
2020-05-18 13:23:34,18380168.75
2020-05-19 10:28:22,18380843.75
2020-05-20 11:00:25,18381512.5
2020-05-21 05:41:02,18382175
2020-05-22 02:48:24,18382837.5
2020-05-23 01:00:15,18383500
2020-05-23 22:10:32,18384162.5
2020-05-24 19:14:54,18384825
2020-05-25 16:29:37,18385487.5
2020-05-26 14:16:07,18386150
2020-05-27 11:28:28,18386818.75
2020-05-28 04:07:36,18387500
2020-05-28 23:23:48,18388162.5
2020-05-29 18:36:00,18388831.25
2020-05-30 12:38:33,18389493.75
2020-05-31 05:17:14,18390156.25
2020-05-31 21:43:44,18390818.75
2020-06-01 18:58:39,18391481.25
2020-06-02 13:49:05,18392150
2020-06-03 07:48:01,18392812.5
2020-06-04 02:27:16,18393475
2020-06-04 18:34:11,18394137.5
2020-06-05 08:38:24,18394800
2020-06-06 00:00:24,18395468.75
2020-06-06 12:36:12,18396143.75
2020-06-07 02:41:04,18396812.5
2020-06-07 18:17:21,18397475
2020-06-08 10:59:18,18398137.5
2020-06-09 03:18:45,18398806.25
2020-06-09 18:47:56,18399475
2020-06-10 08:49:55,18400137.5
2020-06-11 01:31:24,18400800
2020-06-11 17:08:40,18401462.5
2020-06-12 07:44:49,18402125
2020-06-12 21:40:43,18402787.5
2020-06-13 12:36:05,18403450
2020-06-14 04:56:17,18404118.75
2020-06-14 20:54:42,18404787.5
2020-06-15 14:13:15,18405456.25
2020-06-16 07:11:30,18406125
2020-06-17 02:46:01,18406793.75
2020-06-17 19:52:31,18407462.5
2020-06-18 15:46:15,18408125
2020-06-19 10:35:46,18408787.5
2020-06-20 06:18:46,18409450
2020-06-20 23:48:32,18410112.5
2020-06-21 17:19:23,18410781.25
2020-06-22 10:39:43,18411456.25
2020-06-23 04:59:11,18412118.75
2020-06-23 20:14:07,18412781.25
2020-06-24 14:41:42,18413443.75
2020-06-25 08:20:19,18414106.25
2020-06-26 03:35:16,18414775
2020-06-26 19:19:02,18415443.75
2020-06-27 12:27:12,18416106.25
2020-06-28 04:23:31,18416768.75
2020-06-28 22:10:56,18417431.25
2020-06-29 16:24:31,18418093.75
2020-06-30 07:19:50,18418756.25
2020-07-01 03:11:39,18419418.75
2020-07-01 18:26:10,18420093.75
2020-07-02 08:56:15,18420756.25
2020-07-03 01:09:36,18421418.75
2020-07-03 18:04:15,18422087.5
2020-07-04 08:27:00,18422750
2020-07-05 01:10:02,18423412.5
2020-07-05 17:01:23,18424075
2020-07-06 10:36:09,18424737.5
2020-07-07 01:07:53,18425412.5
2020-07-07 17:24:42,18426081.25
2020-07-08 10:19:41,18426743.75
2020-07-09 03:13:46,18427418.75
2020-07-09 17:57:40,18428081.25
2020-07-10 10:06:42,18428750
2020-07-11 02:49:28,18429412.5
2020-07-11 18:43:26,18430075
2020-07-12 13:13:32,18430737.5
2020-07-13 03:49:06,18431400
2020-07-13 20:32:37,18432062.5
2020-07-14 16:25:45,18432731.25
2020-07-15 08:02:55,18433393.75
2020-07-16 03:03:55,18434056.25
2020-07-16 22:09:21,18434718.75
2020-07-17 18:49:31,18435381.25
2020-07-18 15:21:57,18436043.75
2020-07-19 12:31:25,18436718.75
2020-07-20 04:30:35,18437381.25
2020-07-21 00:20:38,18438043.75
2020-07-21 19:40:13,18438706.25
2020-07-22 14:47:55,18439368.75
2020-07-23 10:04:18,18440031.25
2020-07-24 04:18:15,18440693.75
2020-07-24 21:32:41,18441356.25
2020-07-25 10:40:27,18442025
2020-07-26 04:55:42,18442687.5
2020-07-26 21:37:09,18443356.25
2020-07-27 14:43:30,18444018.75
2020-07-28 08:18:53,18444687.5
2020-07-29 01:39:31,18445350
2020-07-29 17:49:01,18446012.5
2020-07-30 12:01:57,18446675
2020-07-31 07:38:26,18447337.5
2020-07-31 23:45:55,18448000
2020-08-01 18:27:30,18448662.5
2020-08-02 13:41:43,18449325
2020-08-03 07:39:07,18449987.5
2020-08-03 21:50:16,18450650
2020-08-04 15:15:33,18451312.5
2020-08-05 08:38:05,18451975
2020-08-06 04:54:42,18452637.5
2020-08-06 20:41:03,18453300
2020-08-07 13:38:35,18453968.75
2020-08-08 06:17:40,18454631.25
2020-08-09 00:18:50,18455293.75
2020-08-09 17:05:29,18455956.25
2020-08-10 11:28:36,18456618.75
2020-08-11 05:07:14,18457281.25
2020-08-11 20:53:33,18457943.75
2020-08-12 13:34:54,18458606.25
2020-08-13 04:40:06,18459268.75
2020-08-13 22:15:04,18459931.25
2020-08-14 14:06:35,18460593.75
2020-08-15 05:41:38,18461268.75
2020-08-15 22:24:26,18461931.25
2020-08-16 15:00:14,18462600
2020-08-17 09:58:19,18463262.5
2020-08-18 04:55:18,18463925
2020-08-18 23:58:39,18464593.75
2020-08-19 19:22:37,18465256.25
2020-08-20 11:59:31,18465918.75
2020-08-21 05:13:45,18466581.25
2020-08-21 22:03:20,18467243.75
2020-08-22 16:19:01,18467912.5
2020-08-23 09:19:01,18468575
2020-08-24 02:11:51,18469243.75
2020-08-24 19:46:59,18469906.25
2020-08-25 13:07:17,18470575
2020-08-26 08:20:25,18471237.5
2020-08-27 03:37:09,18471900
2020-08-27 23:21:52,18472568.75
2020-08-28 15:07:40,18473237.5
2020-08-29 07:03:18,18473900
2020-08-30 00:41:07,18474562.5
2020-08-30 21:41:37,18475225
2020-08-31 13:03:30,18475893.75
2020-09-01 07:54:41,18476556.25
2020-09-01 23:48:36,18477218.75
2020-09-02 18:31:16,18477887.5
2020-09-03 12:38:28,18478550
2020-09-04 08:01:12,18479212.5
2020-09-05 03:18:35,18479881.25
2020-09-05 21:25:03,18480550
2020-09-06 13:07:29,18481212.5
2020-09-07 08:23:47,18481881.25
2020-09-07 20:43:21,18482550
2020-09-08 13:57:55,18483212.5
2020-09-09 05:49:13,18483875
2020-09-09 21:41:33,18484537.5
2020-09-10 17:13:24,18485200
2020-09-11 10:02:40,18485868.75
2020-09-12 01:20:54,18486531.25
2020-09-12 17:31:49,18487200
2020-09-13 07:08:48,18487862.5
2020-09-14 00:10:29,18488525
2020-09-14 14:40:42,18489187.5
2020-09-15 07:19:39,18489856.25
2020-09-15 21:41:47,18490518.75
2020-09-16 14:09:53,18491181.25
2020-09-17 05:58:18,18491843.75
2020-09-17 20:32:47,18492506.25
2020-09-18 10:48:26,18493168.75
2020-09-19 04:07:26,18493831.25
2020-09-19 20:38:18,18494493.75
2020-09-20 15:41:14,18495156.25
2020-09-21 07:08:48,18495818.75
2020-09-22 02:12:47,18496481.25
2020-09-22 21:15:19,18497143.75
2020-09-23 17:55:23,18497806.25
2020-09-24 09:20:46,18498468.75
2020-09-25 04:25:04,18499143.75
2020-09-25 19:14:00,18499818.75
2020-09-26 13:23:27,18500481.25
2020-09-27 06:18:20,18501156.25
2020-09-27 21:31:55,18501825
2020-09-28 16:13:48,18502487.5
2020-09-29 12:00:50,18503156.25
2020-09-30 05:46:08,18503818.75
2020-09-30 22:05:25,18504481.25
2020-10-01 18:50:23,18505143.75
2020-10-02 13:34:11,18505806.25
2020-10-03 05:21:36,18506468.75
2020-10-03 23:45:13,18507137.5
2020-10-04 15:51:48,18507800
2020-10-05 08:41:58,18508462.5
2020-10-06 02:55:10,18509137.5
2020-10-06 23:38:17,18509806.25
2020-10-07 15:26:11,18510468.75
2020-10-08 07:50:03,18511131.25
2020-10-09 00:10:53,18511800
2020-10-09 20:15:45,18512462.5
2020-10-10 13:00:00,18513131.25
2020-10-11 06:14:25,18513800
2020-10-12 01:06:10,18514462.5
2020-10-12 17:40:27,18515125
2020-10-13 10:39:20,18515793.75
2020-10-14 00:58:39,18516456.25
2020-10-14 18:22:41,18517125
2020-10-15 13:01:38,18517787.5
2020-10-16 04:29:46,18518456.25
2020-10-16 21:07:27,18519118.75
2020-10-17 12:20:14,18519787.5
2020-10-18 04:42:03,18520450
2020-10-19 04:21:37,18521118.75
2020-10-20 00:20:53,18521781.25
2020-10-20 17:12:58,18522443.75
2020-10-21 12:46:54,18523112.5
2020-10-22 07:35:03,18523787.5
2020-10-23 04:41:20,18524450
2020-10-23 23:36:33,18525118.75
2020-10-24 15:15:55,18525787.5
2020-10-25 11:40:28,18526450
2020-10-26 08:27:41,18527112.5
2020-10-27 12:14:35,18527775
2020-10-28 12:14:50,18528437.5
2020-10-29 11:13:24,18529100
2020-10-30 10:14:03,18529762.5
2020-10-31 11:18:27,18530425
2020-11-01 07:09:27,18531087.5
2020-11-02 04:15:21,18531756.25
2020-11-03 05:47:13,18532418.75
2020-11-03 22:59:54,18533081.25
2020-11-04 14:29:23,18533743.75
2020-11-05 07:55:40,18534406.25
2020-11-06 01:24:21,18535100
2020-11-06 19:23:12,18535768.75
2020-11-07 12:00:06,18536431.25
2020-11-08 05:30:30,18537093.75
2020-11-08 23:55:35,18537768.75
2020-11-09 13:24:26,18538437.5
2020-11-10 04:07:45,18539100
2020-11-10 22:19:10,18539762.5
2020-11-11 16:47:26,18540425
2020-11-12 09:50:02,18541093.75
2020-11-13 00:06:26,18541756.25
2020-11-13 17:54:22,18542425
2020-11-14 11:45:24,18543093.75
2020-11-15 06:25:50,18543762.5
2020-11-15 23:18:07,18544425
2020-11-16 15:20:47,18545087.5
2020-11-17 07:06:24,18545750
2020-11-17 23:15:36,18546412.5
2020-11-18 13:19:49,18547081.25
2020-11-19 09:17:52,18547750
2020-11-20 01:16:04,18548412.5
2020-11-20 16:07:59,18549075
2020-11-21 07:43:18,18549737.5
2020-11-21 22:24:54,18550400
2020-11-22 12:39:50,18551068.75
2020-11-23 05:19:46,18551731.25
2020-11-23 21:35:25,18552393.75
2020-11-24 17:18:16,18553056.25
2020-11-25 10:45:57,18553718.75
2020-11-26 02:53:00,18554381.25
2020-11-26 18:46:48,18555050
2020-11-27 12:54:17,18555718.75
2020-11-28 04:28:28,18556381.25
2020-11-28 21:01:33,18557043.75
2020-11-29 13:09:57,18557718.75
2020-11-30 09:45:06,18558381.25
2020-12-01 04:00:41,18559043.75
2020-12-02 00:03:47,18559706.25
2020-12-02 19:15:09,18560375
2020-12-03 11:25:01,18561037.5
2020-12-04 04:40:21,18561700
2020-12-04 21:43:08,18562362.5
2020-12-05 16:24:16,18563031.25
2020-12-06 12:09:37,18563693.75
2020-12-07 03:54:00,18564356.25
2020-12-07 20:37:19,18565018.75
2020-12-08 15:13:43,18565693.75
2020-12-09 10:18:07,18566356.25
2020-12-10 05:35:01,18567025
2020-12-10 23:50:52,18567687.5
2020-12-11 17:57:00,18568350
2020-12-12 13:33:25,18569018.75
2020-12-13 08:39:00,18569687.5
2020-12-13 23:38:29,18570356.25
2020-12-14 17:32:04,18571018.75
2020-12-15 11:46:12,18571681.25
2020-12-16 04:48:11,18572350
2020-12-17 00:20:09,18573018.75
2020-12-17 19:13:33,18573687.5
2020-12-18 12:33:23,18574350
2020-12-19 04:06:54,18575018.75
2020-12-19 20:24:25,18575681.25
2020-12-20 11:49:24,18576343.75
2020-12-21 07:43:40,18577006.25
2020-12-22 01:50:21,18577675
2020-12-22 18:16:53,18578343.75
2020-12-23 11:58:38,18579006.25
2020-12-24 04:54:31,18579668.75
2020-12-25 01:22:07,18580331.25
2020-12-25 19:49:36,18580993.75
2020-12-26 14:25:10,18581662.5
2020-12-27 07:32:40,18582325
2020-12-28 00:45:26,18582987.5
2020-12-28 16:36:42,18583650
2020-12-29 10:47:51,18584318.75
2020-12-30 01:44:36,18584981.25
2020-12-30 15:11:39,18585656.25
2020-12-31 08:20:46,18586318.75
2020-12-31 23:24:45,18586981.25
2021-01-01 16:01:47,18587643.75
2021-01-02 09:14:39,18588318.75
2021-01-03 03:05:40,18588981.25
2021-01-03 18:34:11,18589643.75
2021-01-04 09:22:53,18590318.75
2021-01-05 00:57:06,18590987.5
2021-01-05 17:24:50,18591650
2021-01-06 08:15:09,18592312.5
2021-01-06 22:23:40,18592975
2021-01-07 14:02:49,18593643.75
2021-01-08 06:06:18,18594306.25
2021-01-08 23:15:06,18594968.75
2021-01-09 17:35:18,18595637.5
2021-01-10 10:21:59,18596306.25
2021-01-11 02:36:56,18596968.75
2021-01-11 19:35:00,18597631.25
2021-01-12 11:51:41,18598300
2021-01-13 05:42:49,18598962.5
2021-01-13 22:10:19,18599625
2021-01-14 14:51:49,18600287.5
2021-01-15 08:13:34,18600962.5
2021-01-16 00:10:06,18601625
2021-01-16 18:20:24,18602293.75
2021-01-17 14:19:53,18602962.5
2021-01-18 06:59:56,18603625
2021-01-19 01:13:22,18604293.75
2021-01-19 17:42:39,18604956.25
2021-01-20 11:33:24,18605625
2021-01-21 09:06:02,18606287.5
2021-01-22 02:21:55,18606950
2021-01-22 19:29:40,18607612.5
2021-01-23 15:20:19,18608275
2021-01-24 05:49:26,18608937.5
2021-01-25 00:31:56,18609606.25
2021-01-25 19:22:41,18610275
2021-01-26 10:21:20,18610943.75
2021-01-27 05:19:46,18611606.25
2021-01-27 22:03:45,18612268.75
2021-01-28 14:46:01,18612931.25
2021-01-29 09:23:37,18613600
2021-01-30 00:36:23,18614262.5
2021-01-30 21:07:42,18614925
2021-01-31 14:17:33,18615587.5
2021-02-01 09:09:19,18616250
2021-02-02 05:41:33,18616918.75
2021-02-02 22:25:54,18617587.5
2021-02-03 14:20:39,18618250
2021-02-04 07:46:35,18618912.5
2021-02-04 23:18:51,18619575
2021-02-05 14:01:07,18620243.75
2021-02-06 06:17:39,18620912.5
2021-02-06 22:29:25,18621581.25
2021-02-07 15:04:47,18622243.75
2021-02-08 05:53:48,18622906.25
2021-02-08 21:56:54,18623581.25
2021-02-09 16:45:24,18624243.75
2021-02-10 09:21:22,18624918.75
2021-02-11 04:59:35,18625587.5
2021-02-12 00:55:54,18626262.5
2021-02-12 19:02:48,18626931.25
2021-02-13 12:05:59,18627600
2021-02-14 03:14:05,18628262.5
2021-02-14 20:18:15,18628925
2021-02-15 15:13:55,18629593.75
2021-02-16 11:29:10,18630256.25
2021-02-17 06:08:44,18630918.75
2021-02-17 23:48:14,18631581.25
2021-02-18 18:54:57,18632256.25
2021-02-19 10:40:49,18632918.75
2021-02-20 04:25:20,18633581.25
2021-02-20 21:30:53,18634243.75
2021-02-21 15:11:00,18634912.5
2021-02-22 09:35:09,18635575
2021-02-23 06:52:02,18636243.75
2021-02-24 02:28:11,18636906.25
2021-02-24 17:17:43,18637575
2021-02-25 09:16:18,18638237.5
2021-02-26 04:12:10,18638912.5
2021-02-26 21:27:52,18639575
2021-02-27 12:04:10,18640237.5
2021-02-28 08:17:41,18640900
2021-03-01 03:12:26,18641562.5
2021-03-01 22:33:39,18642225
2021-03-02 17:10:12,18642887.5
2021-03-03 09:10:10,18643562.5
2021-03-04 03:33:45,18644225
2021-03-04 23:17:45,18644893.75
2021-03-05 14:58:37,18645556.25
2021-03-06 09:06:14,18646218.75
2021-03-07 02:05:58,18646881.25
2021-03-07 20:01:31,18647543.75
2021-03-08 12:11:34,18648206.25
2021-03-09 04:25:19,18648868.75
2021-03-09 23:20:09,18649531.25
2021-03-10 15:52:40,18650193.75
2021-03-11 11:26:22,18650856.25
2021-03-12 04:51:49,18651518.75
2021-03-12 21:24:32,18652181.25
2021-03-13 17:12:14,18652843.75
2021-03-14 08:57:08,18653506.25
2021-03-15 02:09:52,18654168.75
2021-03-15 19:17:29,18654831.25
2021-03-16 12:08:05,18655493.75
2021-03-17 05:45:47,18656156.25
2021-03-18 00:15:50,18656825
2021-03-18 18:45:10,18657493.75
2021-03-19 11:47:53,18658162.5
2021-03-20 04:04:20,18658825
2021-03-20 20:36:07,18659487.5
2021-03-21 13:37:49,18660150
2021-03-22 05:50:29,18660818.75
2021-03-22 21:41:53,18661481.25
2021-03-23 13:47:47,18662156.25
2021-03-24 06:44:28,18662818.75
2021-03-24 23:32:40,18663481.25
2021-03-25 15:58:16,18664150
2021-03-26 10:14:08,18664818.75
2021-03-27 03:42:05,18665481.25
2021-03-27 19:52:29,18666150
2021-03-28 11:49:27,18666812.5
2021-03-29 03:52:51,18667475
2021-03-29 22:39:04,18668143.75
2021-03-30 14:48:04,18668812.5
2021-03-31 07:41:21,18669475
2021-03-31 23:55:11,18670137.5
2021-04-01 15:44:41,18670800
2021-04-02 10:21:28,18671462.5
2021-04-03 06:06:32,18672125
2021-04-04 00:45:28,18672793.75
2021-04-04 17:14:13,18673456.25
2021-04-05 10:44:42,18674118.75
2021-04-06 02:49:19,18674781.25
2021-04-06 21:29:01,18675443.75
2021-04-07 15:04:01,18676106.25
2021-04-08 06:37:25,18676768.75
2021-04-09 02:18:52,18677431.25
2021-04-09 19:41:28,18678100
2021-04-10 11:54:05,18678762.5
2021-04-11 04:20:46,18679425
2021-04-11 21:00:40,18680093.75
2021-04-12 14:59:01,18680756.25
2021-04-13 08:13:44,18681418.75
2021-04-14 03:17:29,18682081.25
2021-04-14 22:28:06,18682750
2021-04-15 13:37:59,18683418.75
2021-04-16 07:37:36,18684093.75
2021-04-17 06:29:40,18684756.25
2021-04-18 08:03:35,18685431.25
2021-04-19 09:33:34,18686100
2021-04-20 08:50:59,18686762.5
2021-04-21 06:18:35,18687431.25
2021-04-22 06:00:43,18688093.75
2021-04-22 21:41:03,18688756.25
2021-04-23 17:36:07,18689418.75
2021-04-24 12:26:53,18690081.25
2021-04-25 06:11:32,18690743.75
2021-04-25 22:49:18,18691406.25
2021-04-26 21:02:38,18692075
2021-04-27 14:38:52,18692737.5
2021-04-28 08:26:40,18693400
2021-04-29 02:37:29,18694062.5
2021-04-30 00:32:32,18694731.25
2021-04-30 17:47:17,18695400
2021-05-01 13:28:19,18696068.75
2021-05-02 05:51:06,18696731.25
2021-05-02 19:10:47,18697393.75
2021-05-03 09:49:52,18698056.25
2021-05-03 23:49:42,18698725
2021-05-04 14:19:28,18699387.5
2021-05-05 05:30:26,18700050
2021-05-05 20:29:07,18700718.75
2021-05-06 12:28:32,18701381.25
2021-05-07 02:57:15,18702043.75
2021-05-07 19:34:50,18702706.25
2021-05-08 08:48:38,18703387.5
2021-05-08 23:49:43,18704050
2021-05-09 13:20:22,18704712.5
2021-05-10 03:02:41,18705375
2021-05-10 16:53:59,18706037.5
2021-05-11 07:56:51,18706700
2021-05-11 22:56:40,18707362.5
2021-05-12 14:18:44,18708025
2021-05-13 04:43:27,18708687.5
2021-05-13 20:15:16,18709350
2021-05-14 17:27:47,18710012.5
2021-05-15 10:24:26,18710675
2021-05-16 07:02:11,18711343.75
2021-05-17 04:23:19,18712006.25
2021-05-17 23:20:27,18712668.75
2021-05-19 01:14:40,18713331.25
2021-05-19 21:37:28,18714006.25
2021-05-20 18:37:00,18714668.75
2021-05-21 19:14:02,18715331.25
2021-05-22 17:40:00,18715993.75
2021-05-23 13:57:59,18716656.25
2021-05-24 12:11:27,18717318.75
2021-05-25 07:15:59,18717981.25
2021-05-26 05:07:01,18718643.75
2021-05-27 00:53:39,18719306.25
2021-05-27 22:34:13,18719968.75
2021-05-28 20:13:10,18720631.25
2021-05-29 18:20:38,18721293.75
2021-05-30 11:04:52,18721956.25
2021-05-31 08:09:23,18722625
2021-06-01 01:41:40,18723287.5
2021-06-01 17:49:28,18723950
2021-06-02 10:34:37,18724618.75
2021-06-03 03:00:29,18725281.25
2021-06-03 19:48:39,18725943.75
2021-06-04 15:46:11,18726606.25
2021-06-05 10:23:25,18727275
2021-06-06 05:12:29,18727937.5
2021-06-06 21:38:26,18728600
2021-06-07 17:45:41,18729275
2021-06-08 11:30:18,18729937.5
2021-06-09 02:53:05,18730606.25
2021-06-10 02:33:02,18731275
2021-06-10 23:36:41,18731937.5
2021-06-11 23:40:16,18732600
2021-06-12 18:46:18,18733268.75
2021-06-13 16:29:24,18733937.5
2021-06-14 09:04:16,18734612.5
2021-06-15 06:08:46,18735275
2021-06-16 00:24:39,18735937.5
2021-06-16 21:34:43,18736600
2021-06-17 17:13:32,18737262.5
2021-06-18 12:36:09,18737925
2021-06-19 10:42:42,18738587.5
2021-06-20 12:08:39,18739250
2021-06-21 12:59:39,18739912.5
2021-06-22 12:50:54,18740575
2021-06-23 16:28:40,18741243.75
2021-06-24 17:00:51,18741906.25
2021-06-25 17:52:10,18742568.75
2021-06-26 19:13:31,18743231.25
2021-06-28 10:30:39,18743893.75
2021-06-29 11:51:22,18744556.25
2021-06-30 16:38:14,18745218.75
2021-07-01 21:30:20,18745881.25
2021-07-03 00:30:06,18746543.75
2021-07-03 21:43:05,18747206.25
2021-07-04 18:34:12,18747868.75
2021-07-05 14:33:34,18748531.25
2021-07-06 10:14:29,18749193.75
2021-07-07 02:54:01,18749856.25
2021-07-08 00:12:38,18750518.75
2021-07-08 19:52:33,18751187.5
2021-07-09 14:10:11,18751850
2021-07-10 07:01:45,18752512.5
2021-07-10 22:53:12,18753175
2021-07-11 19:23:23,18753837.5
2021-07-12 16:36:09,18754506.25
2021-07-13 11:24:28,18755175
2021-07-14 05:43:28,18755837.5
2021-07-14 20:42:00,18756506.25
2021-07-15 15:13:39,18757168.75
2021-07-16 08:54:29,18757831.25
2021-07-17 01:32:21,18758493.75
2021-07-17 19:27:14,18759156.25
2021-07-18 12:39:33,18759818.75
2021-07-19 06:54:57,18760481.25
2021-07-19 21:29:43,18761143.75
2021-07-20 16:05:50,18761806.25
2021-07-21 11:06:40,18762475
2021-07-22 04:42:57,18763137.5
2021-07-22 21:53:14,18763800
2021-07-23 16:38:15,18764475
2021-07-24 08:52:07,18765137.5
2021-07-25 01:37:00,18765800
2021-07-25 19:43:33,18766462.5
2021-07-26 11:09:36,18767125
2021-07-27 04:03:03,18767787.5
2021-07-27 19:54:51,18768450
2021-07-28 10:32:44,18769112.5
2021-07-29 04:17:21,18769775
2021-07-29 18:58:15,18770443.75
2021-07-30 10:18:42,18771112.5
2021-07-31 02:25:31,18771775
2021-07-31 18:47:10,18772437.5
2021-08-01 09:17:20,18773100
2021-08-02 04:24:27,18773768.75
2021-08-02 20:01:11,18774431.25
2021-08-03 13:00:21,18775100
2021-08-04 03:38:31,18775762.5
2021-08-04 23:48:59,18776425
2021-08-05 15:59:29,18777087.5
2021-08-06 06:54:43,18777750
2021-08-06 23:41:24,18778412.5
2021-08-07 15:06:34,18779075
2021-08-08 06:24:40,18779737.5
2021-08-08 22:41:23,18780400
2021-08-09 14:13:30,18781062.5
2021-08-10 07:11:42,18781725
2021-08-10 22:16:31,18782393.75
2021-08-11 14:54:40,18783056.25
2021-08-12 09:36:29,18783718.75
2021-08-13 02:33:32,18784381.25
2021-08-13 20:29:35,18785043.75
2021-08-14 12:19:35,18785706.25
2021-08-15 03:03:18,18786368.75
2021-08-15 17:03:18,18787031.25
2021-08-16 07:09:38,18787693.75
2021-08-16 23:52:27,18788356.25
2021-08-17 15:08:37,18789025
2021-08-18 05:46:03,18789693.75
2021-08-19 02:29:34,18790356.25
2021-08-19 18:19:54,18791018.75
2021-08-20 09:45:56,18791681.25
2021-08-21 02:51:25,18792343.75
2021-08-21 15:43:29,18793006.25
2021-08-22 08:24:30,18793668.75
2021-08-22 23:57:55,18794331.25
2021-08-23 14:36:08,18795000
2021-08-24 02:58:40,18795662.5
2021-08-24 18:50:39,18796331.25
2021-08-25 11:24:49,18796993.75
2021-08-26 03:56:59,18797656.25
2021-08-26 21:32:09,18798325
2021-08-27 13:42:25,18798987.5
2021-08-28 07:05:58,18799650
2021-08-29 01:21:46,18800312.5
2021-08-29 17:54:57,18800975
2021-08-30 11:34:35,18801643.75
2021-08-31 06:16:49,18802306.25
2021-09-01 00:34:33,18802968.75
2021-09-01 19:47:49,18803631.25
2021-09-02 12:22:44,18804293.75
2021-09-03 06:11:20,18804956.25
2021-09-03 22:22:54,18805618.75
2021-09-04 14:24:50,18806281.25
2021-09-05 06:24:21,18806943.75
2021-09-05 22:53:35,18807606.25
2021-09-06 12:12:28,18808275
2021-09-07 05:04:33,18808937.5
2021-09-07 22:10:49,18809612.5
2021-09-08 16:42:08,18810275
2021-09-09 09:27:58,18810937.5
2021-09-10 03:51:32,18811600
2021-09-10 22:22:50,18812262.5
2021-09-11 17:04:01,18812925
2021-09-12 09:41:04,18813587.5
2021-09-13 02:19:17,18814256.25
2021-09-13 20:04:08,18814918.75
2021-09-14 08:31:25,18815581.25
2021-09-15 01:59:10,18816250
2021-09-15 20:28:16,18816912.5
2021-09-16 14:38:11,18817575
2021-09-17 09:55:11,18818243.75
2021-09-18 02:24:09,18818906.25
2021-09-18 19:21:10,18819575
2021-09-19 10:35:20,18820237.5
2021-09-20 02:17:52,18820900
2021-09-20 18:02:40,18821562.5
2021-09-21 11:40:30,18822225
2021-09-22 08:22:04,18822887.5
2021-09-23 03:19:02,18823550
2021-09-23 17:29:26,18824212.5
2021-09-24 11:30:16,18824875
2021-09-25 03:03:44,18825537.5
2021-09-25 20:44:24,18826200
2021-09-26 16:54:06,18826868.75
2021-09-27 09:49:09,18827531.25
2021-09-28 02:34:29,18828200
2021-09-28 17:51:10,18828862.5
2021-09-29 11:10:43,18829525
2021-09-30 06:58:39,18830187.5
2021-09-30 22:09:38,18830850
2021-10-01 15:43:18,18831512.5
2021-10-02 06:52:21,18832175
2021-10-02 19:04:31,18832837.5
2021-10-03 11:38:38,18833500
2021-10-04 06:10:56,18834162.5
2021-10-04 21:52:21,18834825
2021-10-05 13:19:22,18835487.5
2021-10-06 04:13:44,18836150
2021-10-07 01:43:46,18836812.5
2021-10-07 19:20:24,18837475
2021-10-08 16:26:06,18838137.5
2021-10-09 11:07:24,18838800
2021-10-10 03:15:00,18839462.5
2021-10-10 19:39:21,18840125
2021-10-11 12:52:23,18840787.5
2021-10-12 05:45:53,18841450
2021-10-13 00:32:32,18842112.5
2021-10-13 17:01:09,18842775
2021-10-14 09:38:20,18843443.75
2021-10-15 04:17:22,18844118.75
2021-10-15 21:18:13,18844781.25
2021-10-16 16:17:52,18845443.75
2021-10-17 09:44:56,18846106.25
2021-10-18 01:51:27,18846768.75
2021-10-18 18:16:01,18847431.25
2021-10-19 13:28:37,18848093.75
2021-10-20 03:32:28,18848756.25
2021-10-20 21:19:42,18849418.75
2021-10-21 14:37:42,18850081.25
2021-10-22 07:30:16,18850743.75
2021-10-22 23:42:56,18851412.5
2021-10-23 15:36:54,18852075
2021-10-24 10:04:25,18852737.5
2021-10-25 02:40:54,18853400
2021-10-25 15:31:12,18854075
2021-10-26 07:32:28,18854737.5
2021-10-27 01:17:56,18855400
2021-10-27 18:00:06,18856062.5
2021-10-28 08:50:59,18856725
2021-10-29 01:24:27,18857387.5
2021-10-29 16:52:04,18858062.5
2021-10-30 08:02:59,18858725
2021-10-31 01:11:21,18859387.5
2021-10-31 18:27:43,18860050
2021-11-01 12:29:52,18860712.5
2021-11-02 06:47:25,18861375
2021-11-02 22:14:19,18862037.5
2021-11-03 14:16:32,18862700
2021-11-04 06:12:59,18863362.5
2021-11-04 23:57:54,18864025
2021-11-05 16:38:06,18864687.5
2021-11-06 07:39:22,18865350
2021-11-07 00:50:13,18866012.5
2021-11-07 17:39:43,18866675
2021-11-08 09:31:45,18867343.75
2021-11-09 06:10:13,18868006.25
2021-11-09 21:59:42,18868668.75
2021-11-10 15:21:10,18869331.25
2021-11-11 07:16:34,18869993.75
2021-11-11 23:45:09,18870656.25
2021-11-12 17:56:37,18871318.75
2021-11-13 11:06:42,18871981.25
2021-11-14 02:03:49,18872656.25
2021-11-14 19:42:37,18873325
2021-11-15 12:40:00,18873987.5
2021-11-16 06:34:15,18874662.5
2021-11-16 22:12:05,18875325
2021-11-17 15:18:31,18875987.5
2021-11-18 09:28:02,18876650
2021-11-19 02:32:41,18877312.5
2021-11-19 22:14:08,18877975
2021-11-20 15:05:53,18878637.5
2021-11-21 09:36:53,18879306.25
2021-11-22 04:01:40,18879968.75
2021-11-22 22:22:58,18880631.25
2021-11-23 17:39:51,18881300
2021-11-24 09:47:38,18881968.75
2021-11-25 03:17:37,18882631.25
2021-11-26 01:12:18,18883293.75
2021-11-26 18:59:34,18883956.25
2021-11-27 12:52:19,18884618.75
2021-11-28 09:09:30,18885281.25
2021-11-29 02:13:13,18885943.75
2021-11-29 19:16:58,18886606.25
2021-11-30 12:54:32,18887268.75
2021-12-01 08:46:35,18887931.25
2021-12-02 02:57:00,18888593.75
2021-12-02 18:56:04,18889256.25
2021-12-03 11:51:00,18889925
2021-12-04 02:37:19,18890587.5
2021-12-04 17:45:58,18891250
2021-12-05 09:35:33,18891912.5
2021-12-06 02:35:29,18892575
2021-12-06 16:56:37,18893237.5
2021-12-07 10:31:44,18893900
2021-12-08 00:37:37,18894562.5
2021-12-08 13:45:42,18895225
2021-12-09 07:53:21,18895887.5
2021-12-09 22:44:59,18896550
2021-12-10 16:30:00,18897212.5
2021-12-11 07:19:11,18897875
2021-12-12 01:20:47,18898537.5
2021-12-12 18:19:14,18899200
2021-12-13 13:36:40,18899862.5
2021-12-14 06:01:35,18900525
2021-12-15 00:42:20,18901187.5
2021-12-15 17:29:31,18901850
2021-12-16 13:15:12,18902512.5
2021-12-17 09:16:25,18903175
2021-12-18 03:56:02,18903837.5
2021-12-18 23:06:50,18904500
2021-12-19 15:33:55,18905162.5
2021-12-20 09:23:55,18905831.25
2021-12-21 03:03:14,18906493.75
2021-12-21 19:05:21,18907162.5
2021-12-22 13:09:07,18907825
2021-12-23 05:18:43,18908493.75
2021-12-23 21:48:11,18909156.25
2021-12-24 15:47:32,18909818.75
2021-12-25 07:26:31,18910487.5
2021-12-26 00:25:28,18911150
2021-12-26 20:55:06,18911812.5
2021-12-27 13:43:30,18912475
2021-12-28 07:57:13,18913137.5
2021-12-29 01:56:19,18913800
2021-12-29 20:11:17,18914462.5
2021-12-30 15:50:48,18915125
2021-12-31 11:19:38,18915787.5
2022-01-01 03:30:29,18916450
2022-01-01 17:23:22,18917112.5
2022-01-02 09:10:33,18917775
2022-01-03 02:17:51,18918443.75
2022-01-03 19:54:17,18919106.25
2022-01-04 12:46:27,18919768.75
2022-01-05 06:37:37,18920431.25
2022-01-06 01:48:28,18921093.75
2022-01-06 18:55:39,18921756.25
2022-01-07 12:05:16,18922418.75
2022-01-08 06:12:37,18923081.25
2022-01-08 23:12:28,18923743.75
2022-01-09 17:46:48,18924406.25
2022-01-10 10:49:43,18925068.75
2022-01-11 04:10:35,18925731.25
2022-01-11 21:14:27,18926393.75
2022-01-12 16:02:31,18927056.25
2022-01-13 07:15:16,18927718.75
2022-01-13 20:58:00,18928381.25
2022-01-14 13:39:12,18929043.75
2022-01-15 02:56:53,18929706.25
2022-01-15 20:41:15,18930368.75
2022-01-16 10:52:16,18931031.25
2022-01-17 01:31:49,18931693.75
2022-01-17 16:20:16,18932356.25
2022-01-18 10:41:27,18933018.75
2022-01-19 04:05:54,18933681.25
2022-01-19 18:06:15,18934356.25
2022-01-20 08:40:18,18935031.25
2022-01-21 01:35:48,18935693.75
2022-01-21 20:37:34,18936356.25
2022-01-22 16:04:12,18937018.75
2022-01-23 10:32:56,18937681.25
2022-01-24 03:52:21,18938350
2022-01-24 21:05:57,18939012.5
2022-01-25 14:57:26,18939675
2022-01-26 08:06:13,18940337.5
2022-01-27 03:39:49,18941006.25
2022-01-27 23:05:59,18941668.75
2022-01-28 15:18:10,18942331.25
2022-01-29 09:48:07,18942993.75
2022-01-30 01:02:54,18943662.5
2022-01-30 18:36:42,18944325
2022-01-31 14:09:53,18944987.5
2022-02-01 06:25:28,18945650
2022-02-01 22:39:58,18946312.5
2022-02-02 16:37:22,18946975
2022-02-03 08:56:12,18947637.5
2022-02-04 01:34:17,18948306.25
2022-02-04 21:58:28,18948968.75
2022-02-05 18:58:27,18949631.25
2022-02-06 10:46:01,18950293.75
2022-02-07 03:51:53,18950956.25
2022-02-07 23:23:06,18951618.75
2022-02-08 16:04:59,18952287.5
2022-02-09 12:28:14,18952956.25
2022-02-10 03:40:07,18953618.75
2022-02-10 21:05:33,18954281.25
2022-02-11 15:46:34,18954950
2022-02-12 07:41:36,18955612.5
2022-02-12 20:55:44,18956275
2022-02-13 13:17:58,18956937.5
2022-02-14 04:32:51,18957600
2022-02-14 19:51:52,18958262.5
2022-02-15 10:57:18,18958925
2022-02-16 02:46:49,18959587.5
2022-02-16 18:30:47,18960256.25
2022-02-17 10:27:59,18960918.75
2022-02-18 05:28:23,18961581.25
2022-02-18 23:08:55,18962243.75
2022-02-19 16:26:01,18962906.25
2022-02-20 10:10:32,18963568.75
2022-02-21 05:22:13,18964231.25
2022-02-22 01:08:08,18964893.75
2022-02-22 17:51:04,18965568.75
2022-02-23 09:39:51,18966231.25
2022-02-24 03:46:33,18966893.75
2022-02-24 23:47:19,18967562.5
2022-02-25 17:50:03,18968225
2022-02-26 14:37:03,18968906.25
2022-02-27 12:33:09,18969568.75
2022-02-28 05:00:46,18970231.25
2022-02-28 20:43:21,18970893.75
2022-03-01 11:35:40,18971556.25
2022-03-02 05:22:27,18972218.75
2022-03-03 00:19:03,18972881.25
2022-03-03 16:11:57,18973543.75
2022-03-04 10:32:36,18974206.25
2022-03-05 05:14:21,18974868.75
2022-03-06 04:07:26,18975537.5
2022-03-06 22:41:46,18976200
2022-03-07 15:35:52,18976862.5
2022-03-08 10:38:03,18977525
2022-03-09 03:04:43,18978187.5
2022-03-09 20:57:20,18978850
2022-03-10 15:19:30,18979512.5
2022-03-11 07:03:27,18980175
2022-03-12 02:29:05,18980843.75
2022-03-12 18:00:37,18981506.25
2022-03-13 12:34:50,18982181.25
2022-03-14 05:03:47,18982843.75
2022-03-14 22:07:29,18983506.25
2022-03-15 16:39:59,18984168.75
2022-03-16 10:10:25,18984831.25
2022-03-17 02:47:57,18985500
2022-03-17 19:12:04,18986162.5
2022-03-18 11:50:31,18986825
2022-03-19 04:45:31,18987487.5
2022-03-19 21:27:07,18988150
2022-03-20 13:39:57,18988812.5
2022-03-21 05:27:16,18989475
2022-03-21 23:02:06,18990137.5
2022-03-22 14:44:52,18990800
2022-03-23 10:21:23,18991462.5
2022-03-24 02:40:44,18992125
2022-03-24 18:46:45,18992787.5
2022-03-25 13:15:58,18993450
2022-03-26 05:07:34,18994112.5
2022-03-26 21:45:59,18994781.25
2022-03-27 15:23:48,18995450
2022-03-28 11:14:22,18996112.5
2022-03-29 01:02:04,18996775
2022-03-29 18:35:40,18997437.5
2022-03-30 12:15:36,18998100
2022-03-31 05:56:34,18998762.5
2022-04-01 01:28:11,18999425
2022-04-01 19:01:14,19000087.5
2022-04-02 15:31:08,19000756.25
2022-04-03 10:01:55,19001418.75
2022-04-04 02:22:08,19002081.25
2022-04-04 18:16:31,19002743.75
2022-04-05 09:55:15,19003412.5
2022-04-06 05:56:26,19004081.25
2022-04-06 22:51:12,19004743.75
2022-04-07 17:17:55,19005412.5
2022-04-08 11:35:25,19006081.25
2022-04-09 07:07:03,19006743.75
2022-04-09 23:19:58,19007406.25
2022-04-10 16:39:56,19008068.75
2022-04-11 11:46:54,19008731.25
2022-04-12 05:05:09,19009393.75
2022-04-12 22:18:41,19010056.25
2022-04-13 17:34:41,19010718.75
2022-04-14 09:41:07,19011381.25
2022-04-15 03:48:42,19012043.75
2022-04-15 20:07:24,19012706.25
2022-04-16 16:25:09,19013368.75
2022-04-17 06:48:33,19014031.25
2022-04-17 23:42:56,19014693.75
2022-04-18 17:49:54,19015356.25
2022-04-19 15:13:46,19016031.25
2022-04-20 08:21:38,19016693.75
2022-04-21 00:19:03,19017356.25
2022-04-21 15:04:25,19018018.75
2022-04-22 07:25:30,19018681.25
2022-04-23 01:12:03,19019343.75
2022-04-23 15:59:16,19020006.25
2022-04-24 08:57:26,19020668.75
2022-04-25 00:19:09,19021331.25
2022-04-25 17:18:11,19021993.75
2022-04-26 09:03:29,19022656.25
2022-04-27 02:43:48,19023318.75
2022-04-27 17:00:11,19023987.5
2022-04-28 10:20:59,19024656.25
2022-04-29 05:49:15,19025318.75
2022-04-29 22:01:24,19025981.25
2022-04-30 16:06:39,19026643.75
2022-05-01 08:15:10,19027318.75
2022-05-01 23:17:22,19027981.25
2022-05-02 13:57:28,19028643.75
2022-05-03 07:40:30,19029306.25
2022-05-04 00:27:17,19029968.75
2022-05-04 18:02:54,19030631.25
2022-05-05 10:46:34,19031293.75
2022-05-06 02:50:23,19031956.25
2022-05-06 21:46:43,19032625
2022-05-07 13:46:26,19033287.5
2022-05-08 07:55:21,19033950
2022-05-09 00:02:49,19034612.5
2022-05-09 17:43:44,19035275
2022-05-10 09:35:37,19035937.5
2022-05-11 02:05:18,19036600
2022-05-11 20:56:55,19037262.5
2022-05-12 13:14:33,19037925
2022-05-13 08:24:59,19038587.5
2022-05-14 01:07:27,19039250
2022-05-14 19:00:35,19039912.5
2022-05-15 16:35:53,19040587.5
2022-05-16 08:37:05,19041256.25
2022-05-17 00:45:21,19041918.75
2022-05-17 17:29:00,19042581.25
2022-05-18 12:42:24,19043243.75
2022-05-19 10:23:18,19043956.25
2022-05-20 07:22:31,19044625
2022-05-21 02:42:34,19045287.5
2022-05-21 21:16:24,19045956.25
2022-05-22 17:25:53,19046618.75
2022-05-23 11:26:43,19047281.25
2022-05-24 04:39:26,19047943.75
2022-05-25 00:29:48,19048606.25
2022-05-25 19:22:18,19049268.75
2022-05-26 12:38:57,19049931.25
2022-05-27 07:40:43,19050593.75
2022-05-28 01:28:32,19051256.25
2022-05-28 17:39:10,19051918.75
2022-05-29 10:23:24,19052581.25
2022-05-30 03:30:14,19053243.75
2022-05-30 20:57:44,19053906.25
2022-05-31 13:47:21,19054568.75